1000565	true
1000568	true
1000569	true
1000570	true
1000588	true
1000589	true
1000935	true
1000936	true
1000937	true
1000938	true
1000939	true
1001530	true
1001534	true
1001542	true
1001582	true
1001585	true
1001989	true
100226	true
1002339	true
1002804	true
1003195	true
1003201	true
1003202	true
1003238	true
1004836	true
1004951	true
1004952	true
1005041	true
1005042	true
1005048	true
1005057	true
1005058	true
1005090	true
1006006	true
1006007	true
1006543	true
1006551	true
1006554	true
1007064	true
1007103	true
1007105	true
1008297	true
1008459	true
10090	true
1009464	true
1009852	true
1010840	true
10116	true
101510	true
1017264	true
10228	true
102608	true
1026882	true
1027292	true
1027396	true
1027843	true
1027844	true
1027845	true
1027846	true
1028307	true
1028490	true
1028799	true
102897	true
1029718	true
1029822	true
1029823	true
1029824	true
1029825	true
1030009	true
1030157	true
1030843	true
1031709	true
1031710	true
1031711	true
1032480	true
1032845	true
103372	true
1033802	true
1033810	true
1033813	true
1033837	true
1034807	true
1034808	true
1034809	true
1034836	true
1035187	true
1035189	true
1035190	true
1035377	true
1035817	true
1036171	true
1036673	true
1036674	true
1036743	true
103690	true
1037409	true
1037411	true
1040638	true
1041504	true
1041521	true
1041522	true
1041809	true
1041826	true
1041930	true
1042156	true
1042209	true
1042375	true
1042376	true
1042403	true
1042803	true
1042876	true
1042877	true
1042878	true
104421	true
1045004	true
1045854	true
1045855	true
1045856	true
1045858	true
1046593	true
1046599	true
1046625	true
1046627	true
1046629	true
1048245	true
1048262	true
1048332	true
1048834	true
1049565	true
1050617	true
1051006	true
1051072	true
1051074	true
1051075	true
1051632	true
1052585	true
1052588	true
1052680	true
1052681	true
1052682	true
1052684	true
1053648	true
1053692	true
1054460	true
1055325	true
1055352	true
1055527	true
1055528	true
1055529	true
1055530	true
105559	true
106370	true
1064535	true
1068622	true
1068623	true
1068624	true
1069495	true
1069536	true
1071753	true
1071754	true
1071755	true
1071756	true
1071757	true
1071758	true
1071759	true
1071760	true
1071761	true
1071762	true
1071763	true
1071764	true
1071765	true
1071766	true
1071767	true
1071768	true
1071769	true
1071770	true
1071771	true
1071772	true
1071773	true
1071774	true
1071775	true
1071776	true
1071777	true
1071778	true
1071779	true
1071780	true
1071781	true
1071782	true
1071783	true
1072459	true
1072575	true
1073567	true
1073841	true
1074252	true
1074482	true
1074485	true
1074889	true
1075085	true
1075086	true
1075088	true
1075089	true
1075091	true
1075106	true
1075399	true
1076135	true
1077144	true
1077442	true
1078018	true
107806	true
1078123	true
1079984	true
1079985	true
1079986	true
1079988	true
1080365	true
1081093	true
1081094	true
1081095	true
1081640	true
1081646	true
1082931	true
1082933	true
1085623	true
1085628	true
1086014	true
1086030	true
1087452	true
1087453	true
1087454	true
1087481	true
1088719	true
1088720	true
1088721	true
1088868	true
1088869	true
1088888	true
1089300	true
1089446	true
1089447	true
1089456	true
1090974	true
1091039	true
1091040	true
1091041	true
1091042	true
1091045	true
1091500	true
1091501	true
1093787	true
1094714	true
1094715	true
1094979	true
1095727	true
1095729	true
1095734	true
1095735	true
1095736	true
1095737	true
1095739	true
1095740	true
1095741	true
1095745	true
1095746	true
1095750	true
1095752	true
1095774	true
1095923	true
1097668	true
1097669	true
1104320	true
1104321	true
1104322	true
1104324	true
1104326	true
1105094	true
1105095	true
1105096	true
1105097	true
1105098	true
1105099	true
1105100	true
1105101	true
1105102	true
1105103	true
1105104	true
1105105	true
1105107	true
1105108	true
1105109	true
1105110	true
1105111	true
1105112	true
1105113	true
1105114	true
110662	true
1107544	true
1107880	true
1107881	true
1107882	true
1108974	true
1109445	true
1110502	true
1110509	true
1110694	true
1111068	true
1111069	true
1111676	true
1112204	true
1112212	true
1112217	true
1112856	true
1112912	true
1114958	true
1114959	true
1114961	true
1114966	true
1114967	true
1114969	true
1114970	true
1116213	true
1116230	true
1116231	true
1116232	true
1116375	true
1116391	true
1117110	true
1117318	true
1117942	true
1117943	true
1118153	true
1118154	true
1118959	true
1123523	true
1123863	true
1125630	true
1125724	true
1125977	true
1125979	true
1126011	true
1126229	true
1127122	true
1127128	true
1127129	true
1127131	true
1127134	true
1127744	true
1129369	true
1130804	true
1132496	true
1132507	true
1133850	true
1134456	true
1136178	true
1138308	true
1138382	true
1138383	true
1140	true
1142394	true
1142511	true
1144275	true
1144889	true
114615	true
1148	true
1150469	true
1151116	true
1155071	true
1155084	true
115541	true
1155766	true
115711	true
115713	true
115778	true
1157951	true
1160717	true
1161744	true
1162668	true
1163399	true
1163730	true
1163739	true
1163740	true
1163741	true
1163742	true
1163743	true
1163745	true
1163748	true
1165943	true
1168865	true
1172562	true
119602	true
121723	true
122586	true
122587	true
123214	true
126740	true
128398	true
1301	true
1303	true
1318	true
133453	true
1338	true
134676	true
13616	true
137722	true
138119	true
138336	true
138677	true
145481	true
146891	true
150054	true
150340	true
1511	true
151895	true
153948	true
155864	true
155919	true
155920	true
156889	true
158189	true
158190	true
158847	true
158878	true
158879	true
159087	true
159254	true
160488	true
160490	true
160491	true
160492	true
163164	true
164328	true
164546	true
164756	true
164757	true
1648	true
165597	true
166486	true
167539	true
167542	true
167546	true
167555	true
167879	true
1682	true
169963	true
170187	true
171101	true
174633	true
1747	true
176279	true
176280	true
176299	true
1770	true
177416	true
177437	true
177439	true
178306	true
180281	true
180454	true
180498	true
182082	true
182217	true
183190	true
184246	true
184922	true
185431	true
186103	true
186497	true
187272	true
187410	true
187420	true
188626	true
188937	true
189423	true
189518	true
189918	true
190192	true
190304	true
190485	true
190486	true
190650	true
192222	true
192952	true
192	true
193567	true
194439	true
195099	true
195102	true
195103	true
196162	true
196164	true
196600	true
196620	true
196627	true
197162	true
197221	true
198094	true
198214	true
198215	true
198466	true
198628	true
198804	true
199310	true
2020	true
203119	true
203120	true
203122	true
203123	true
203124	true
203267	true
203275	true
203907	true
204536	true
204669	true
204722	true
204773	true
205913	true
205914	true
205918	true
205920	true
205921	true
205922	true
206672	true
208435	true
208596	true
208963	true
208964	true
209261	true
2098	true
210007	true
211110	true
211586	true
212042	true
212717	true
213810	true
214092	true
214684	true
215689	true
216389	true
216432	true
216591	true
216592	true
216594	true
216595	true
216596	true
216597	true
216599	true
216816	true
216895	true
218491	true
218493	true
218494	true
218495	true
218496	true
218497	true
220341	true
220664	true
220668	true
221109	true
221988	true
222523	true
222891	true
222929	true
223283	true
223926	true
224308	true
224324	true
224325	true
224326	true
224911	true
224914	true
224915	true
225849	true
225937	true
226185	true
226186	true
226302	true
226900	true
227321	true
227377	true
227882	true
227941	true
228400	true
228405	true
228410	true
228908	true
229193	true
229533	true
231023	true
232721	true
233412	true
233413	true
234267	true
234621	true
234826	true
234831	true
235279	true
235909	true
237561	true
237631	true
237727	true
238241	true
240015	true
240292	true
242231	true
242507	true
242619	true
243090	true
243159	true
243160	true
243161	true
243164	true
243230	true
243231	true
243232	true
243233	true
243243	true
243261	true
243265	true
243272	true
243273	true
243274	true
243275	true
243276	true
243277	true
243365	true
244320	true
245012	true
245014	true
245018	true
246194	true
246195	true
246196	true
246197	true
246200	true
246969	true
247156	true
251221	true
253245	true
254945	true
255470	true
257309	true
257310	true
257311	true
257313	true
257314	true
257363	true
258594	true
259536	true
259564	true
260799	true
261292	true
261317	true
261594	true
262316	true
262489	true
262543	true
262698	true
262719	true
262722	true
262723	true
262724	true
262727	true
262728	true
262768	true
262981	true
263358	true
263820	true
264198	true
264199	true
264201	true
264202	true
264203	true
264462	true
264730	true
264731	true
264732	true
265072	true
265311	true
265669	true
266117	true
266264	true
266265	true
266779	true
266834	true
266835	true
266940	true
267377	true
267608	true
267671	true
267747	true
267748	true
269084	true
269482	true
269483	true
269484	true
269796	true
269797	true
269798	true
269799	true
269800	true
271848	true
272557	true
272558	true
272559	true
272560	true
272561	true
272562	true
272563	true
272564	true
272568	true
272569	true
272620	true
272621	true
272622	true
272623	true
272624	true
272626	true
272627	true
272630	true
272631	true
272632	true
272633	true
272634	true
272635	true
272831	true
272843	true
272844	true
27292	true
272942	true
272943	true
272944	true
272947	true
272951	true
272994	true
273036	true
273057	true
273063	true
273068	true
273075	true
273116	true
273119	true
273121	true
273123	true
273507	true
274854	true
278137	true
278197	true
278956	true
278957	true
279010	true
279238	true
279808	true
28037	true
280699	true
281090	true
28129	true
281309	true
281310	true
281689	true
282458	true
282459	true
283165	true
283166	true
28377	true
283942	true
284590	true
284591	true
284592	true
284593	true
284812	true
284813	true
286604	true
286636	true
287752	true
288000	true
2880	true
288681	true
288705	true
289376	true
289380	true
289397	true
290315	true
290317	true
290318	true
290338	true
290339	true
290340	true
290397	true
290398	true
290399	true
290400	true
290402	true
290434	true
290512	true
290633	true
290847	true
291272	true
291331	true
292414	true
292415	true
292459	true
292805	true
293613	true
293614	true
293653	true
293826	true
294381	true
295319	true
295358	true
295405	true
296543	true
296591	true
297245	true
297246	true
29760	true
298386	true
298653	true
298654	true
298701	true
299033	true
299768	true
300267	true
300268	true
300269	true
300852	true
302409	true
302912	true
304371	true
3055	true
306263	true
306537	true
3068	true
308117	true
309798	true
309799	true
309800	true
309801	true
309803	true
309807	true
31033	true
311402	true
311403	true
311424	true
311458	true
312017	true
312153	true
312309	true
313590	true
313596	true
313603	true
314225	true
314260	true
314265	true
314271	true
314275	true
314279	true
314289	true
314292	true
314315	true
314565	true
314723	true
314724	true
315277	true
315405	true
315456	true
315730	true
315749	true
315750	true
316055	true
316056	true
316057	true
316058	true
316067	true
316273	true
316274	true
316275	true
316278	true
316279	true
316385	true
316401	true
316407	true
317025	true
317655	true
318161	true
318167	true
318586	true
319224	true
319225	true
31964	true
319701	true
319795	true
320372	true
320373	true
320388	true
320389	true
320483	true
32049	true
32051	true
320771	true
321314	true
321327	true
321332	true
321955	true
321956	true
321967	true
322098	true
322104	true
322159	true
322710	true
323097	true
323098	true
323259	true
323261	true
323848	true
323850	true
324057	true
324602	true
324831	true
324925	true
325240	true
326297	true
326298	true
326423	true
326424	true
326426	true
326427	true
326442	true
329726	true
330214	true
33039	true
330779	true
330879	true
331104	true
331111	true
331112	true
331113	true
331271	true
331272	true
331635	true
331636	true
331678	true
33169	true
333146	true
333668	true
333849	true
334380	true
334390	true
334406	true
334413	true
335283	true
335284	true
335541	true
335543	true
335659	true
335992	true
336407	true
336982	true
338187	true
338565	true
338963	true
338966	true
338969	true
339670	true
339671	true
339854	true
339860	true
340047	true
340099	true
340100	true
340101	true
340102	true
340177	true
340322	true
342108	true
342109	true
342451	true
342610	true
342949	true
343509	true
344609	true
345073	true
345219	true
347253	true
347255	true
347257	true
347495	true
347515	true
347834	true
348780	true
349101	true
349102	true
349106	true
349123	true
349124	true
349161	true
349163	true
349307	true
349519	true
349520	true
349521	true
349741	true
349746	true
349747	true
350054	true
350058	true
350688	true
351091	true
351160	true
351348	true
351605	true
351607	true
351627	true
351745	true
351746	true
352165	true
352472	true
352914	true
353151	true
353152	true
353153	true
353154	true
353496	true
354242	true
355249	true
355276	true
355277	true
355278	true
357244	true
357276	true
357348	true
357544	true
357804	true
357808	true
357809	true
358396	true
358681	true
359391	true
359786	true
359787	true
360094	true
360095	true
360102	true
360104	true
360105	true
360106	true
360107	true
360109	true
360115	true
360807	true
360910	true
360911	true
361100	true
361575	true
362242	true
362663	true
362948	true
362976	true
363253	true
36329	true
364106	true
365044	true
365046	true
365659	true
3659	true
366394	true
366602	true
367110	true
367737	true
367830	true
367928	true
36809	true
368407	true
368408	true
36870	true
3694	true
369723	true
37012	true
3702	true
370438	true
370551	true
370552	true
370553	true
370554	true
3711	true
371731	true
372461	true
373153	true
373384	true
373903	true
374463	true
374833	true
374846	true
374847	true
374930	true
374931	true
3750	true
375286	true
375451	true
376219	true
376619	true
376686	true
37692	true
377270	true
377271	true
377628	true
377629	true
378753	true
378806	true
379066	true
379731	true
380358	true
380394	true
380703	true
380749	true
380773	true
381124	true
381666	true
381754	true
381764	true
382245	true
382638	true
382640	true
383372	true
383407	true
383631	true
384616	true
384676	true
3847	true
385957	true
386043	true
386415	true
386585	true
386656	true
387092	true
387093	true
387344	true
387662	true
388396	true
388401	true
388413	true
388919	true
390235	true
390236	true
390333	true
390874	true
391008	true
391009	true
391037	true
391038	true
391165	true
391295	true
391296	true
391587	true
391592	true
391595	true
391623	true
391735	true
391774	true
391896	true
391904	true
392021	true
392499	true
392500	true
393011	true
393115	true
393119	true
393126	true
393127	true
393130	true
393133	true
393305	true
393595	true
394221	true
394503	true
39491	true
39492	true
394	true
395019	true
395491	true
395492	true
395494	true
395495	true
395960	true
395961	true
395962	true
395963	true
395965	true
396513	true
396588	true
396595	true
396596	true
396597	true
39717	true
397945	true
397948	true
398511	true
398513	true
398527	true
398577	true
398578	true
398579	true
398580	true
398767	true
39946	true
39947	true
399549	true
399550	true
399599	true
399726	true
399739	true
399741	true
399742	true
399795	true
399804	true
40041	true
400667	true
400668	true
400673	true
400682	true
401053	true
401473	true
401526	true
401614	true
402612	true
402626	true
402880	true
402881	true
402882	true
403677	true
403833	true
404380	true
404589	true
40518	true
40520	true
405416	true
405440	true
405441	true
405531	true
405532	true
405534	true
405535	true
405566	true
405948	true
405955	true
406124	true
406327	true
406425	true
406817	true
406818	true
406984	true
407148	true
407976	true
409438	true
410289	true
410358	true
410359	true
411154	true
4113	true
411459	true
411460	true
411461	true
411462	true
411463	true
411464	true
411465	true
411466	true
411467	true
411468	true
411469	true
411470	true
411471	true
411474	true
411475	true
411476	true
411477	true
411479	true
411481	true
411483	true
411484	true
411485	true
411486	true
411489	true
411490	true
411901	true
411902	true
411903	true
412022	true
412030	true
412418	true
412419	true
412420	true
412597	true
412694	true
412965	true
413071	true
413404	true
413996	true
413997	true
413999	true
414004	true
414005	true
41431	true
414684	true
415426	true
416269	true
416276	true
416348	true
416591	true
416870	true
418127	true
418136	true
419542	true
419610	true
419665	true
41978	true
419942	true
419947	true
420246	true
420247	true
420662	true
420889	true
420890	true
423211	true
423212	true
423368	true
42374	true
425011	true
425067	true
425104	true
425265	true
425944	true
426114	true
426117	true
426118	true
426355	true
426368	true
426430	true
427317	true
427318	true
428125	true
428126	true
428127	true
428128	true
428406	true
429009	true
429572	true
430066	true
430914	true
431241	true
431895	true
431943	true
431947	true
434131	true
434271	true
434922	true
434923	true
434924	true
435258	true
435590	true
435591	true
435832	true
435837	true
435838	true
435842	true
436017	true
436113	true
436114	true
436308	true
436717	true
436907	true
438753	true
439235	true
439292	true
439375	true
439386	true
439481	true
439497	true
439843	true
439851	true
439855	true
43989	true
440085	true
440496	true
440497	true
44056	true
441620	true
441768	true
441770	true
441771	true
441772	true
441952	true
442563	true
443143	true
443144	true
443149	true
443150	true
443218	true
443254	true
443255	true
443342	true
443906	true
444157	true
444158	true
444177	true
444178	true
444179	true
444450	true
445932	true
445970	true
445971	true
445972	true
445973	true
445974	true
445975	true
445983	true
445984	true
445985	true
446462	true
446465	true
446466	true
446468	true
446469	true
446470	true
446471	true
447217	true
448385	true
449216	true
449447	true
449673	true
450394	true
450749	true
450851	true
451516	true
451640	true
452471	true
452589	true
452637	true
452638	true
452652	true
452659	true
452662	true
452863	true
45351	true
453591	true
4538	true
454166	true
454169	true
455227	true
455434	true
455488	true
455632	true
4558	true
456298	true
456320	true
456442	true
456481	true
456827	true
457387	true
457388	true
457390	true
457391	true
457392	true
457393	true
457394	true
457395	true
457396	true
457398	true
457400	true
457401	true
457403	true
457405	true
457416	true
457421	true
457424	true
457429	true
457430	true
457570	true
458233	true
458234	true
458817	true
460265	true
464988	true
465515	true
467661	true
467705	true
469008	true
469371	true
469378	true
469381	true
469382	true
469383	true
469585	true
469586	true
469587	true
469588	true
469589	true
469590	true
469591	true
469592	true
469593	true
469594	true
469595	true
469596	true
469598	true
469599	true
469601	true
469602	true
469603	true
469605	true
469606	true
469608	true
469609	true
469610	true
469613	true
469615	true
469616	true
469617	true
469618	true
469621	true
470137	true
470145	true
470146	true
470	true
471223	true
471472	true
471473	true
471821	true
471853	true
471854	true
471855	true
471856	true
471857	true
471870	true
471871	true
471872	true
471874	true
471875	true
471876	true
471881	true
472759	true
473819	true
474186	true
476210	true
476211	true
476212	true
476213	true
476272	true
477974	true
478009	true
478433	true
478434	true
478749	true
478801	true
479431	true
479432	true
479433	true
479434	true
479435	true
479436	true
479437	true
479832	true
480119	true
480224	true
480	true
481009	true
481448	true
481743	true
481805	true
483179	true
483214	true
483215	true
483216	true
483217	true
483218	true
483219	true
484018	true
484019	true
484021	true
484022	true
485913	true
485914	true
485915	true
485916	true
485917	true
485918	true
486041	true
486410	true
486619	true
486620	true
486621	true
486622	true
486623	true
486624	true
487213	true
487214	true
487215	true
487521	true
488221	true
488222	true
488223	true
488538	true
489653	true
490899	true
491074	true
491075	true
491076	true
491077	true
491078	true
491079	true
491080	true
491081	true
491915	true
491916	true
491952	true
492476	true
496833	true
497964	true
497965	true
497978	true
498211	true
498213	true
498214	true
498216	true
498217	true
498737	true
498738	true
498739	true
498740	true
498741	true
498743	true
498761	true
498848	true
499175	true
499229	true
500632	true
500633	true
500635	true
500637	true
500638	true
500639	true
500640	true
502025	true
502558	true
502801	true
504472	true
504474	true
504728	true
504832	true
505321	true
505352	true
505682	true
506534	true
507522	true
508765	true
508767	true
508771	true
509169	true
509170	true
509173	true
509190	true
509191	true
509192	true
509193	true
509633	true
510516	true
510831	true
511051	true
511062	true
511145	true
511437	true
511680	true
511691	true
511693	true
511995	true
512030	true
512562	true
512564	true
512565	true
512566	true
5147	true
515618	true
515619	true
515620	true
515621	true
515622	true
515635	true
515849	true
516466	true
516950	true
517417	true
517418	true
517433	true
517722	true
518634	true
518635	true
518636	true
518637	true
518766	true
519049	true
519441	true
519442	true
520461	true
520999	true
521000	true
521002	true
521003	true
521006	true
521007	true
521008	true
521010	true
521011	true
521045	true
521095	true
521096	true
521097	true
521098	true
521460	true
521674	true
522306	true
522373	true
522772	true
523791	true
523794	true
523796	true
523831	true
523841	true
523846	true
523850	true
525146	true
525242	true
525243	true
525244	true
525245	true
525246	true
525254	true
525255	true
525256	true
525257	true
525258	true
525259	true
525260	true
525262	true
525263	true
525264	true
525268	true
525271	true
525278	true
525279	true
525280	true
525281	true
525282	true
525283	true
525284	true
525306	true
525309	true
525310	true
525318	true
525325	true
525326	true
525327	true
525328	true
525329	true
525330	true
525337	true
525338	true
525341	true
525361	true
525362	true
525364	true
525365	true
525366	true
525367	true
525368	true
525369	true
525370	true
525371	true
525372	true
525373	true
525374	true
525375	true
525376	true
525377	true
525378	true
525379	true
525381	true
525897	true
525898	true
525903	true
525904	true
525909	true
525919	true
526218	true
526222	true
526224	true
526225	true
526226	true
526227	true
529507	true
529709	true
530564	true
531844	true
535289	true
536019	true
536056	true
536227	true
536230	true
536231	true
536232	true
536233	true
537006	true
537007	true
537011	true
537012	true
537013	true
537021	true
537457	true
537937	true
537970	true
537971	true
537972	true
537973	true
541229	true
54126	true
543526	true
543728	true
543734	true
544404	true
544556	true
545431	true
545693	true
545694	true
545695	true
545696	true
545774	true
545776	true
546262	true
546263	true
546264	true
546265	true
546266	true
546267	true
546268	true
546269	true
546270	true
546271	true
546272	true
546273	true
546274	true
546275	true
546342	true
546343	true
546414	true
547042	true
547043	true
547045	true
547048	true
547143	true
547145	true
547558	true
547559	true
548470	true
548473	true
548474	true
548475	true
548476	true
548477	true
548478	true
548479	true
548480	true
548485	true
550537	true
550538	true
550540	true
550542	true
551115	true
552526	true
552531	true
552536	true
552811	true
553171	true
553174	true
553175	true
553177	true
553178	true
553190	true
553191	true
553199	true
553201	true
553204	true
553206	true
553207	true
553209	true
553218	true
553219	true
553220	true
553480	true
553482	true
553973	true
554065	true
554290	true
555079	true
555217	true
55529	true
555311	true
555778	true
555970	true
556258	true
556259	true
556261	true
556263	true
556264	true
556266	true
556267	true
556268	true
556269	true
556270	true
556484	true
557598	true
557600	true
557722	true
557723	true
557760	true
559292	true
559295	true
559301	true
559307	true
559515	true
561177	true
561180	true
561229	true
561230	true
561231	true
561275	true
561276	true
561304	true
561501	true
561896	true
562019	true
562970	true
562973	true
562981	true
562982	true
562	true
563008	true
563032	true
563036	true
563037	true
563038	true
563040	true
563041	true
563178	true
563191	true
563193	true
563194	true
563774	true
563797	true
564608	true
565034	true
565041	true
565042	true
565047	true
565050	true
565575	true
565636	true
565637	true
565638	true
565639	true
565640	true
565641	true
565642	true
565643	true
565644	true
565645	true
565646	true
565647	true
565648	true
565649	true
565650	true
565651	true
565652	true
565653	true
565654	true
565655	true
565656	true
565657	true
565658	true
565659	true
565660	true
565661	true
565662	true
565663	true
566546	true
566549	true
566550	true
566552	true
567106	true
56780	true
568206	true
568703	true
568704	true
568708	true
568813	true
568814	true
568815	true
568816	true
568817	true
569881	true
570417	true
570508	true
572263	true
572264	true
572265	true
572418	true
572477	true
572478	true
572479	true
572480	true
572544	true
572546	true
572547	true
573059	true
573061	true
573062	true
573063	true
573064	true
573065	true
573066	true
573234	true
573235	true
573236	true
573370	true
573413	true
573569	true
573825	true
574087	true
574093	true
574521	true
574556	true
574961	true
575540	true
575564	true
575565	true
575584	true
575585	true
575586	true
575587	true
575588	true
575589	true
575590	true
575593	true
575594	true
575595	true
575596	true
575597	true
575598	true
575599	true
575603	true
575604	true
575605	true
575606	true
575607	true
575609	true
575611	true
575612	true
575615	true
575788	true
577650	true
578458	true
579112	true
579137	true
579138	true
579405	true
580047	true
580049	true
580050	true
580327	true
580331	true
580332	true
580340	true
581103	true
5811	true
58180	true
582402	true
582744	true
582899	true
583345	true
583346	true
583355	true
583356	true
583358	true
584708	true
584721	true
585034	true
585035	true
585054	true
585055	true
585056	true
585057	true
585198	true
585199	true
5851	true
585394	true
585395	true
585396	true
585397	true
585501	true
585502	true
585503	true
585506	true
585517	true
585520	true
585524	true
585528	true
585529	true
585530	true
585531	true
585535	true
585538	true
585543	true
585544	true
586220	true
5865	true
588858	true
589865	true
589924	true
590168	true
590409	true
590998	true
591001	true
591019	true
591020	true
591167	true
591365	true
591946	true
592010	true
592014	true
592015	true
592021	true
592022	true
592026	true
592028	true
592031	true
592205	true
592316	true
593117	true
593588	true
59374	true
593907	true
595494	true
595495	true
595496	true
595499	true
595536	true
595537	true
596151	true
596153	true
596154	true
596309	true
596312	true
596315	true
596317	true
596318	true
596322	true
596324	true
596325	true
596326	true
596327	true
596328	true
596329	true
596330	true
59729	true
59748	true
598659	true
59919	true
59920	true
59922	true
600809	true
604162	true
604354	true
60480	true
60481	true
608506	true
608534	true
608538	true
6085	true
610130	true
610380	true
613026	true
6183	true
619693	true
621372	true
622637	true
622759	true
6238	true
6239	true
626369	true
626418	true
626522	true
626523	true
62688	true
626939	true
627192	true
6279	true
629257	true
629258	true
629259	true
629260	true
629262	true
629263	true
629264	true
629265	true
629266	true
629267	true
629268	true
629270	true
62928	true
629741	true
629742	true
62977	true
630527	true
630588	true
6305	true
6306	true
632292	true
632335	true
632348	true
632516	true
632518	true
632772	true
633145	true
633147	true
633148	true
633149	true
633697	true
633699	true
633	true
634176	true
634177	true
634178	true
634452	true
634453	true
634454	true
634455	true
634456	true
634457	true
634458	true
634459	true
634463	true
634464	true
634497	true
634498	true
634499	true
634500	true
634503	true
634504	true
634956	true
634994	true
635013	true
63737	true
637380	true
637381	true
637382	true
637385	true
637386	true
637387	true
637616	true
637887	true
637905	true
637910	true
637913	true
638300	true
638301	true
638302	true
638303	true
639283	true
640131	true
640132	true
640510	true
640511	true
640512	true
640513	true
64091	true
641107	true
641112	true
641118	true
641140	true
641144	true
641146	true
641147	true
641149	true
641491	true
641892	true
642492	true
643561	true
643562	true
643648	true
643867	true
644042	true
644223	true
644281	true
644282	true
644283	true
644284	true
644295	true
644352	true
644548	true
64471	true
644966	true
644968	true
645127	true
645462	true
645463	true
645464	true
645512	true
645657	true
645991	true
64602	true
647113	true
648757	true
648996	true
648999	true
649189	true
649349	true
649638	true
649639	true
649742	true
649743	true
649754	true
649760	true
649761	true
649764	true
651822	true
652103	true
652620	true
653045	true
653733	true
653938	true
65393	true
655811	true
655812	true
655813	true
655815	true
655816	true
655817	true
655863	true
656024	true
656061	true
656519	true
657308	true
657309	true
657310	true
657324	true
658081	true
658082	true
658083	true
658085	true
658086	true
658088	true
658089	true
658172	true
658599	true
658655	true
658659	true
658664	true
658763	true
660470	true
66084	true
661367	true
661410	true
662598	true
662755	true
663278	true
663321	true
663331	true
663913	true
663914	true
663915	true
663916	true
663917	true
663951	true
663954	true
663958	true
665029	true
665571	true
665937	true
665938	true
665943	true
665950	true
665951	true
665953	true
665954	true
665958	true
665959	true
666510	true
666681	true
666714	true
66692	true
6669	true
667014	true
667015	true
667127	true
667128	true
667129	true
668336	true
670487	true
671143	true
672	true
673266	true
675635	true
67593	true
676032	true
67810	true
679188	true
679189	true
679190	true
679191	true
679192	true
679193	true
679194	true
679195	true
679196	true
679197	true
679200	true
679202	true
679204	true
679205	true
679206	true
679207	true
679716	true
679896	true
679897	true
679901	true
679926	true
679936	true
679937	true
680198	true
680646	true
681288	true
681645	true
682148	true
682181	true
682634	true
683082	true
683083	true
683219	true
683837	true
684738	true
684950	true
685038	true
685039	true
685557	true
685727	true
686340	true
686578	true
686659	true
686660	true
68766	true
687916	true
688245	true
688246	true
688269	true
688270	true
68892	true
69014	true
690566	true
690850	true
691338	true
691437	true
692420	true
693216	true
693661	true
693745	true
693970	true
693971	true
693973	true
693974	true
693977	true
693978	true
693979	true
693982	true
694427	true
694429	true
694569	true
695560	true
695562	true
696125	true
696127	true
696281	true
696369	true
696406	true
696747	true
696844	true
697281	true
697282	true
697303	true
697329	true
697871	true
698737	true
698757	true
698936	true
698962	true
698963	true
698964	true
698965	true
698966	true
698967	true
698968	true
698969	true
698970	true
698971	true
698972	true
698973	true
699032	true
699033	true
699034	true
699035	true
699036	true
699037	true
699185	true
699186	true
699187	true
699218	true
699246	true
700015	true
700598	true
700750	true
701177	true
701347	true
701521	true
702113	true
702438	true
702443	true
702444	true
702446	true
702447	true
702450	true
702459	true
703339	true
703352	true
70448	true
70601	true
706191	true
706194	true
706433	true
706434	true
706436	true
706437	true
706439	true
7070	true
707183	true
707184	true
707185	true
707186	true
707187	true
707232	true
707235	true
707241	true
70791	true
708248	true
708616	true
709032	true
7091	true
709797	true
709983	true
709986	true
709991	true
710127	true
710128	true
710393	true
710394	true
710469	true
710685	true
710696	true
712898	true
712938	true
712961	true
713600	true
713601	true
713602	true
713603	true
713604	true
713887	true
71421	true
714313	true
714359	true
714943	true
714962	true
715225	true
715451	true
7159	true
716540	true
716541	true
716544	true
717231	true
717522	true
717608	true
717773	true
717774	true
717785	true
717959	true
717960	true
717961	true
717962	true
718219	true
718251	true
718252	true
718254	true
718255	true
718271	true
718274	true
720554	true
720555	true
7217	true
7220	true
7222	true
722438	true
7227	true
722911	true
7234	true
7237	true
7238	true
7244	true
7245	true
7260	true
741091	true
742013	true
742723	true
742737	true
742740	true
742741	true
742766	true
742767	true
742820	true
742821	true
743299	true
743525	true
743718	true
743720	true
743721	true
743722	true
743965	true
744872	true
745023	true
745277	true
74546	true
74547	true
745776	true
7460	true
746360	true
746361	true
747365	true
747682	true
748224	true
748247	true
748280	true
748671	true
748727	true
749219	true
749222	true
749414	true
749489	true
749490	true
749491	true
749492	true
749493	true
749494	true
749495	true
749496	true
749497	true
749498	true
749499	true
749500	true
749501	true
749502	true
749503	true
749504	true
749505	true
749506	true
749507	true
749508	true
749509	true
749510	true
749511	true
749512	true
749513	true
749514	true
749515	true
749516	true
749517	true
749518	true
749520	true
749521	true
749522	true
749523	true
749524	true
749525	true
749527	true
749528	true
749529	true
749530	true
749531	true
749532	true
749533	true
749535	true
749536	true
749537	true
749538	true
749539	true
749540	true
749541	true
749542	true
749544	true
749545	true
749546	true
749547	true
749548	true
749549	true
749550	true
749551	true
749927	true
751585	true
751994	true
752789	true
75379	true
754025	true
754026	true
754027	true
754254	true
754256	true
754258	true
754259	true
754260	true
754261	true
754476	true
754477	true
754507	true
755731	true
755732	true
756067	true
756272	true
756883	true
757424	true
757425	true
758678	true
759350	true
759362	true
759364	true
759914	true
760011	true
760142	true
760192	true
760568	true
760570	true
76114	true
761193	true
762051	true
762376	true
762570	true
762633	true
762948	true
762962	true
762963	true
762966	true
762982	true
762983	true
762984	true
763034	true
765057	true
765058	true
765061	true
765063	true
765064	true
765065	true
765066	true
765067	true
765068	true
765069	true
765070	true
765071	true
765072	true
765073	true
765074	true
765075	true
765076	true
765077	true
765078	true
765079	true
765080	true
765081	true
765082	true
765083	true
765084	true
765085	true
765086	true
765087	true
765088	true
765089	true
765090	true
765091	true
765092	true
765093	true
765094	true
765095	true
765096	true
765097	true
765098	true
765099	true
765100	true
765101	true
765102	true
765103	true
765104	true
765105	true
765106	true
765107	true
765108	true
765109	true
765110	true
765111	true
765112	true
765113	true
765114	true
765115	true
765116	true
765117	true
765118	true
765119	true
765120	true
765121	true
765122	true
765123	true
765124	true
765177	true
765698	true
765874	true
765952	true
765962	true
765963	true
765964	true
767100	true
767434	true
767455	true
767462	true
767463	true
767465	true
768065	true
768066	true
768490	true
768493	true
768494	true
768670	true
768671	true
768679	true
76869	true
768700	true
768706	true
768713	true
768724	true
768726	true
768727	true
768728	true
771875	true
7719	true
7739	true
78245	true
784613	true
788929	true
791161	true
794851	true
795359	true
7955	true
795797	true
796392	true
797210	true
798128	true
798300	true
79929	true
81972	true
82789	true
82996	true
83331	true
83332	true
8364	true
84588	true
853	true
854826	true
85643	true
856793	true
857087	true
857571	true
857572	true
857573	true
857574	true
857575	true
857576	true
857578	true
857579	true
857581	true
858215	true
858619	true
859194	true
85962	true
85963	true
859654	true
859655	true
859656	true
859657	true
860228	true
861208	true
861360	true
861556	true
862259	true
862512	true
862513	true
862514	true
862515	true
862516	true
862517	true
862719	true
862751	true
862908	true
862962	true
862964	true
862965	true
863239	true
863638	true
864563	true
864564	true
864565	true
864566	true
864567	true
864568	true
864569	true
864570	true
865867	true
865938	true
866344	true
866345	true
866346	true
866628	true
866629	true
866630	true
866770	true
866771	true
866773	true
866774	true
866775	true
866776	true
866777	true
866778	true
866779	true
866895	true
866909	true
867900	true
867903	true
868129	true
868131	true
868132	true
868595	true
868597	true
868864	true
869209	true
869210	true
869211	true
869212	true
869215	true
869216	true
869269	true
869303	true
869304	true
869306	true
869307	true
869311	true
869312	true
869727	true
869729	true
869816	true
871271	true
871562	true
871571	true
871585	true
871925	true
872331	true
873513	true
873517	true
873533	true
875328	true
875329	true
875330	true
876044	true
876142	true
87626	true
878320	true
879243	true
879295	true
879296	true
879297	true
879298	true
879299	true
879300	true
879301	true
879302	true
879303	true
879304	true
879305	true
879306	true
879307	true
879308	true
879309	true
879310	true
880070	true
880072	true
88036	true
880447	true
880591	true
880592	true
880724	true
881621	true
882102	true
882378	true
882884	true
882	true
883062	true
883604	true
883	true
885272	true
885275	true
885276	true
885923	true
886377	true
886738	true
886882	true
886886	true
886888	true
886889	true
886890	true
887061	true
887324	true
887325	true
887326	true
887327	true
887712	true
887898	true
887899	true
887929	true
888027	true
888048	true
888049	true
888051	true
888052	true
888056	true
888057	true
888059	true
888060	true
888062	true
888063	true
888064	true
888066	true
888728	true
888741	true
888742	true
888743	true
888745	true
888746	true
888801	true
888807	true
888808	true
888809	true
888810	true
888811	true
888812	true
888813	true
888814	true
888815	true
888816	true
888817	true
888818	true
888819	true
888820	true
888821	true
888822	true
888823	true
888824	true
888825	true
888826	true
888827	true
888828	true
888832	true
888833	true
889201	true
889204	true
889205	true
889206	true
889378	true
889487	true
889513	true
889738	true
889932	true
889933	true
890402	true
891391	true
891398	true
9031	true
903503	true
903507	true
903510	true
903814	true
903818	true
904293	true
904294	true
904296	true
904306	true
904728	true
904749	true
905067	true
906968	true
907237	true
907238	true
907239	true
907240	true
907287	true
908337	true
908338	true
908339	true
908340	true
908341	true
908612	true
908937	true
909420	true
909943	true
909946	true
909952	true
909954	true
910312	true
910313	true
910314	true
910348	true
9103	true
911045	true
911116	true
911117	true
911118	true
911119	true
911120	true
911121	true
911122	true
911123	true
911126	true
911127	true
911128	true
911129	true
911130	true
911131	true
911132	true
911133	true
911134	true
911135	true
911238	true
913239	true
913324	true
913327	true
913331	true
913847	true
913865	true
9258	true
926569	true
926570	true
927666	true
927694	true
927701	true
927704	true
929102	true
92944	true
929506	true
929508	true
929556	true
929557	true
929562	true
930170	true
93059	true
93060	true
93061	true
93062	true
930780	true
930781	true
930782	true
930942	true
930943	true
930944	true
930945	true
931281	true
9315	true
931626	true
932677	true
933093	true
933115	true
933801	true
935295	true
935297	true
935298	true
935588	true
935589	true
935591	true
935593	true
935599	true
935697	true
935897	true
936047	true
936048	true
936139	true
936140	true
936153	true
936154	true
936155	true
936156	true
937773	true
937774	true
940190	true
940296	true
941193	true
94122	true
941258	true
941638	true
941639	true
941640	true
941967	true
941968	true
942513	true
943945	true
944546	true
944547	true
944557	true
944559	true
944560	true
944562	true
944564	true
944565	true
945021	true
945704	true
945711	true
945712	true
945713	true
947827	true
947828	true
948561	true
948563	true
953739	true
9544	true
956483	true
9598	true
9601	true
9606	true
9615	true
96561	true
96563	true
9739	true
979556	true
9796	true
979982	true
980514	true
980517	true
980584	true
981222	true
981368	true
981383	true
981384	true
981539	true
981540	true
983328	true
983917	true
983918	true
983919	true
984129	true
984262	true
984892	true
985002	true
985006	true
985053	true
985080	true
985081	true
985665	true
986075	true
987060	true
989499	true
990282	true
990288	true
990314	true
990315	true
990316	true
990317	true
9913	true
9915	true
991791	true
991905	true
992406	true
99287	true
993047	true
993512	true
994479	true
994484	true
995087	true
996285	true
996637	true
997346	true
997347	true
997348	true
997352	true
997353	true
997356	true
997761	true
997765	true
997830	true
998087	true
998088	true
998089	true
998090	true
998091	true
998092	true
998820	true
99883	true
999378	true
999541	true
999629	true
999630	true
999891	true
