10479	true
10658	true
10661	true
10665	true
10677	true
10678	true
10679	true
10680	true
10682	true
10685	true
10689	true
10690	true
10693	true
10702	true
10704	true
10708	true
10710	true
10717	true
10719	true
10724	true
10726	true
10730	true
10742	true
10747	true
10752	true
10753	true
10754	true
10756	true
10757	true
10759	true
10760	true
10761	true
10778	true
10843	true
10844	true
10845	true
10847	true
10848	true
10849	true
10854	true
10855	true
10857	true
10862	true
10863	true
10864	true
10867	true
10868	true
10869	true
10870	true
10871	true
10872	true
10876	true
10879	true
12017	true
12018	true
12021	true
12023	true
12024	true
12336	true
12345	true
12348	true
12353	true
12355	true
12360	true
12390	true
12402	true
12407	true
12417	true
28358	true
28369	true
29252	true
31532	true
31535	true
31537	true
31754	true
31757	true
33771	true
35238	true
35241	true
35343	true
35345	true
36343	true
37105	true
37554	true
39803	true
39804	true
40521	true
40522	true
40523	true
40631	true
43685	true
45406	true
46014	true
47049	true
49964	true
50948	true
51369	true
52979	true
53369	true
55510	true
55511	true
55884	true
59241	true
59506	true
63118	true
64186	true
66711	true
66797	true
67571	true
70203	true
70734	true
71366	true
72638	true
74336	true
75320	true
75590	true
75723	true
75725	true
77048	true
77775	true
78541	true
83129	true
83201	true
85154	true
88870	true
90410	true
90963	true
93224	true
97081	true
99179	true
101570	true
103216	true
103807	true
105154	true
106284	true
110457	true
112023	true
114416	true
114777	true
115987	true
115991	true
117575	true
120086	true
120574	true
127507	true
127508	true
127509	true
127511	true
128708	true
128710	true
128975	true
129009	true
129861	true
129862	true
130478	true
134554	true
136084	true
139870	true
139871	true
139872	true
141904	true
145579	true
146269	true
148603	true
148943	true
151528	true
151534	true
151535	true
151536	true
151537	true
151538	true
151539	true
151599	true
154784	true
155148	true
157239	true
157898	true
157899	true
157924	true
161736	true
164037	true
169683	true
172667	true
173443	true
173707	true
173824	true
175950	true
176106	true
179237	true
180503	true
180504	true
180816	true
181007	true
181604	true
182851	true
185959	true
186152	true
186153	true
187764	true
187944	true
188350	true
189836	true
190478	true
194699	true
194701	true
194802	true
194948	true
194949	true
194966	true
196242	true
197310	true
197783	true
198110	true
198538	true
198539	true
198540	true
198541	true
198542	true
198543	true
200913	true
201846	true
204086	true
204090	true
204270	true
205868	true
205869	true
205870	true
205872	true
205874	true
205875	true
205876	true
205877	true
205879	true
205880	true
207597	true
209052	true
213236	true
213769	true
213775	true
215158	true
215167	true
221029	true
221915	true
222645	true
223524	true
225067	true
225588	true
225725	true
225726	true
225979	true
227470	true
227720	true
227940	true
230158	true
230871	true
232237	true
233894	true
235201	true
235266	true
236750	true
238854	true
242527	true
242861	true
244310	true
244589	true
244590	true
245685	true
247080	true
248496	true
254397	true
255131	true
255431	true
256994	true
259901	true
260120	true
260121	true
260149	true
260372	true
260373	true
260827	true
261665	true
261726	true
262071	true
263374	true
263375	true
264729	true
268746	true
268747	true
268748	true
269145	true
270161	true
270673	true
272123	true
273133	true
279006	true
279280	true
279281	true
279303	true
279383	true
279530	true
280701	true
280702	true
282066	true
285013	true
287412	true
292029	true
292443	true
292639	true
293178	true
293644	true
294382	true
294631	true
297254	true
298338	true
300186	true
306323	true
307240	true
309181	true
310539	true
310953	true
313629	true
315953	true
318593	true
318594	true
318595	true
318596	true
319522	true
320122	true
320831	true
320832	true
320834	true
320835	true
320836	true
320837	true
320839	true
320840	true
320841	true
320842	true
320843	true
320844	true
320845	true
320846	true
320847	true
320848	true
320849	true
320850	true
321023	true
322855	true
326036	true
326037	true
326574	true
329254	true
329381	true
329852	true
329853	true
329855	true
329864	true
329886	true
330395	true
330396	true
330397	true
330398	true
330399	true
331278	true
331627	true
332032	true
334856	true
335797	true
337828	true
338101	true
338102	true
338103	true
338105	true
338106	true
338107	true
338108	true
338109	true
338110	true
338111	true
338112	true
338113	true
338114	true
338115	true
338116	true
338117	true
338118	true
338119	true
338120	true
338121	true
338122	true
338123	true
338124	true
338125	true
338126	true
338127	true
338128	true
338129	true
338130	true
338131	true
338132	true
338133	true
338134	true
338135	true
338136	true
338137	true
338138	true
338140	true
338473	true
340054	true
340435	true
341698	true
342564	true
343516	true
344021	true
344022	true
345922	true
346881	true
346882	true
346883	true
346884	true
347324	true
347325	true
347326	true
347327	true
347328	true
347329	true
347962	true
347966	true
348058	true
348137	true
354260	true
355246	true
359961	true
359962	true
360398	true
363555	true
365048	true
369257	true
370623	true
372457	true
373126	true
373403	true
373404	true
373405	true
373406	true
373407	true
373408	true
373409	true
373410	true
373411	true
373412	true
373413	true
373414	true
373415	true
374525	true
374526	true
374527	true
374529	true
376758	true
376820	true
376821	true
379329	true
379501	true
382359	true
382685	true
384848	true
386792	true
386793	true
387907	true
387908	true
387909	true
387910	true
388452	true
389469	true
390978	true
393598	true
396034	true
396359	true
397353	true
398839	true
399183	true
399185	true
400567	true
403905	true
405947	true
406340	true
407392	true
413066	true
414970	true
416419	true
417280	true
418443	true
423476	true
424716	true
424944	true
425386	true
430796	true
431891	true
431892	true
431893	true
431894	true
437329	true
437444	true
438482	true
438780	true
439809	true
440250	true
440576	true
442493	true
444474	true
444859	true
444860	true
444861	true
444862	true
444875	true
444876	true
444878	true
445515	true
445516	true
445517	true
445683	true
445684	true
445685	true
445686	true
445688	true
445692	true
445693	true
445696	true
445700	true
446529	true
446807	true
447909	true
448384	true
451705	true
455649	true
458639	true
459290	true
459291	true
459845	true
462590	true
466051	true
466052	true
467481	true
469660	true
470314	true
470865	true
475178	true
476523	true
480808	true
482058	true
482822	true
484895	true
484896	true
487152	true
489779	true
489828	true
489829	true
490103	true
490912	true
490913	true
491003	true
493906	true
494269	true
496396	true
496874	true
499235	true
503388	true
504346	true
504501	true
504553	true
505291	true
505292	true
508419	true
511969	true
512792	true
513550	true
515982	true
516541	true
526118	true
528321	true
529929	true
532074	true
532075	true
532076	true
532077	true
532078	true
537874	true
538398	true
538979	true
539221	true
540064	true
540065	true
540066	true
540067	true
540068	true
541865	true
543152	true
543153	true
543939	true
546182	true
546183	true
546184	true
546185	true
546803	true
546805	true
546806	true
546807	true
546808	true
549445	true
549446	true
551790	true
551895	true
552525	true
555387	true
555603	true
557289	true
557393	true
559189	true
560178	true
561996	true
561997	true
561998	true
561999	true
562742	true
563119	true
563121	true
563122	true
563123	true
563124	true
563769	true
564886	true
565140	true
573591	true
575608	true
575610	true
576789	true
576790	true
576791	true
578234	true
581037	true
582345	true
582382	true
588068	true
590739	true
591487	true
593131	true
624134	true
627087	true
627480	true
631719	true
632112	true
633135	true
637730	true
641487	true
641832	true
642111	true
644007	true
644524	true
644563	true
645664	true
646413	true
648017	true
649688	true
655097	true
655098	true
658056	true
658401	true
663241	true
663554	true
663557	true
663558	true
665032	true
665033	true
665883	true
665884	true
665886	true
665887	true
668618	true
668994	true
669008	true
669875	true
670252	true
673375	true
673376	true
673832	true
673833	true
673834	true
673835	true
673836	true
673837	true
673838	true
673839	true
674081	true
674082	true
682370	true
683735	true
685506	true
685892	true
686439	true
691318	true
691963	true
691964	true
691965	true
691966	true
693582	true
693627	true
693628	true
693629	true
694060	true
697227	true
698486	true
698487	true
698488	true
698489	true
698490	true
699370	true
700512	true
700939	true
701257	true
707757	true
709484	true
714583	true
722417	true
722418	true
743813	true
745088	true
745349	true
747763	true
749413	true
749447	true
753084	true
753085	true
754004	true
755164	true
756275	true
757342	true
760732	true
760939	true
762660	true
762905	true
762906	true
764561	true
764562	true
764595	true
765765	true
767473	true
767806	true
857277	true
857312	true
861044	true
861045	true
861047	true
864178	true
866889	true
867695	true
867696	true
869724	true
869725	true
869726	true
871584	true
872294	true
874267	true
874268	true
877240	true
879628	true
879630	true
881915	true
881953	true
886285	true
889338	true
889876	true
906668	true
906669	true
909297	true
910473	true
910474	true
910475	true
913183	true
913970	true
925983	true
925984	true
925985	true
925986	true
926067	true
926543	true
926589	true
927392	true
927988	true
928293	true
929814	true
934027	true
936152	true
937835	true
938080	true
938131	true
941969	true
941970	true
942016	true
942165	true
943335	true
947379	true
947842	true
947843	true
947980	true
947981	true
948870	true
977801	true
977927	true
979525	true
979526	true
979527	true
979528	true
979529	true
979530	true
979531	true
979532	true
979533	true
979534	true
979535	true
979536	true
979537	true
979539	true
981323	true
981330	true
981335	true
981430	true
981431	true
988656	true
990550	true
994601	true
998086	true
1002724	true
1002725	true
1006972	true
1007127	true
1010614	true
1010615	true
1026955	true
1027253	true
1028375	true
1032362	true
1032473	true
1032474	true
1032892	true
1032894	true
1032895	true
1034125	true
1035662	true
1036614	true
1036615	true
1036616	true
1041524	true
1042122	true
1042123	true
1042124	true
1048207	true
1049283	true
1051143	true
1051631	true
1051673	true
1051674	true
1051675	true
1051676	true
1054461	true
1054480	true
1054968	true
1056830	true
1056833	true
1069378	true
1071177	true
1071503	true
1071504	true
1072683	true
1073754	true
1073766	true
1073767	true
1074304	true
1074306	true
1074309	true
1074829	true
1076136	true
1076630	true
1076631	true
1076759	true
1077152	true
1079894	true
1079895	true
1080237	true
1080800	true
1084719	true
1084720	true
1084721	true
1086749	true
1086751	true
1088864	true
1088865	true
1088867	true
1089111	true
1089114	true
1089118	true
1089119	true
1089120	true
1089125	true
1089133	true
1089135	true
1090133	true
1090134	true
1091052	true
1091556	true
1093100	true
1093672	true
1097753	true
1097754	true
1100790	true
1100814	true
1105171	true
1105286	true
1105327	true
1108070	true
1108865	true
1109710	true
1109711	true
1109712	true
1109713	true
1109714	true
1109715	true
1109716	true
1109717	true
1109721	true
1110702	true
1112008	true
1114179	true
1115478	true
1115696	true
1118063	true
1118064	true
1124578	true
1124654	true
1124655	true
1124849	true
1126885	true
1126950	true
1127357	true
1127514	true
1127515	true
1127516	true
1127518	true
1128071	true
1129145	true
1129146	true
1129194	true
1131256	true
1131315	true
1131316	true
1131317	true
1132026	true
1133022	true
1133031	true
1133032	true
1133292	true
1133293	true
1137745	true
1141132	true
1141519	true
1141525	true
1141526	true
1147042	true
1147043	true
1147044	true
1147094	true
1147137	true
1147140	true
1147141	true
1150989	true
1150990	true
1150991	true
1150992	true
1154689	true
1156719	true
1156720	true
1156721	true
1156722	true
1161901	true
1161903	true
1161927	true
1161928	true
1161933	true
1161934	true
1161935	true
1162295	true
1162304	true
1162305	true
1162306	true
1163482	true
1165134	true
1165135	true
1165136	true
1165137	true
1165138	true
1165139	true
1165140	true
1165141	true
1165142	true
1165143	true
1165144	true
1165145	true
1165146	true
1165147	true
1165148	true
1165149	true
1165150	true
1165151	true
1165152	true
1165153	true
1165154	true
1165155	true
1165156	true
1165157	true
1165158	true
1165159	true
1165160	true
1165161	true
1168281	true
1168478	true
1168479	true
1168548	true
1168549	true
1168593	true
1168594	true
1168595	true
1168612	true
1168613	true
1173135	true
1173297	true
1175504	true
1175653	true
1175654	true
1175655	true
1176422	true
1176423	true
1176425	true
1176426	true
1183239	true
1187128	true
1187894	true
1188794	true
1194641	true
1194642	true
1195069	true
1195070	true
1195073	true
1195075	true
1197951	true
1197952	true
1197953	true
1204514	true
1204516	true
1204517	true
